{
  "source_data": "data/20100982_DATA.csv",
  "input_features": [
    "offer_share",
    "log_stake",
    "wealth"
  ],
  "architecture": {
    "input": 3,
    "hidden": 8,
    "output": 1,
    "activation": "tanh",
    "output_activation": "sigmoid"
  },
  "normalization": {
    "mean": [
      0.19420524,
      5.07710832,
      0.70305677
    ],
    "std": [
      0.14169896,
      2.15661829,
      0.45691131
    ]
  },
  "weights": {
    "w1": [
      [
        5.4410728282,
        0.5657622616,
        3.0751754162
      ],
      [
        2.0377522567,
        0.4435822921,
        0.9310794316
      ],
      [
        3.8983616567,
        1.2116755216,
        -1.4311119629
      ],
      [
        2.2767499089,
        -2.3059590557,
        0.7722612254
      ],
      [
        2.8649333933,
        -0.0545667701,
        -3.889333796
      ],
      [
        0.5329275974,
        -0.9878512599,
        -1.6398141306
      ],
      [
        -1.0402273894,
        2.0370363393,
        3.5605358108
      ],
      [
        2.1382640526,
        -0.2425041264,
        -2.0461993296
      ]
    ],
    "b1": [
      1.3759783802,
      -1.0451109518,
      3.2779988639,
      0.9900630865,
      -2.4831816279,
      0.580000374,
      1.2252906559,
      0.5487655762
    ],
    "w2": [
      [
        1.9984587776,
        -2.8861558605,
        -2.3877199852,
        0.7063045053,
        -2.9791167019,
        -3.1134988193,
        -3.4913861156,
        3.5832902797
      ]
    ],
    "b2": [
      -0.4209224633
    ]
  },
  "training": {
    "rows": 458,
    "epochs": 5000,
    "learning_rate": 0.02,
    "l2": 0.0001,
    "seed": 20260218,
    "loss": 0.561819,
    "accuracy": 0.69869
  },
  "fitted_at": "2026-02-23T18:45:02.227Z"
}